INSERT INTO heart_rate_entry(date_of_entry, entry_heart_rate)
VALUES("2022-03-30 00:00:00.000000", 55),
("2022-03-31 00:00:00.000000", 60),
("2022-04-01 00:00:00.000000", 59),
("2022-04-02 00:00:00.000000", 55),
("2022-04-03 00:00:00.000000", 59),
("2022-04-04 00:00:00.000000", 60),
("2022-04-05 00:00:00.000000", 59),
("2022-04-06 00:00:00.000000", 55),
("2022-04-07 00:00:00.000000", 59),
("2022-04-08 00:00:00.000000", 59),
("2022-04-09 00:00:00.000000", 60),
("2022-04-10 00:00:00.000000", 59),
("2022-04-11 00:00:00.000000", 55),
("2022-04-12 00:00:00.000000", 59),
("2022-04-13 00:00:00.000000", 59);
INSERT INTO customer_heart_rate_entries(customer_id, heart_rate_entries_entry_id)
VALUES(1, 1), (1, 2), (1, 3),
(1, 4), (1, 5), (1, 6), (1, 7), (1, 8), (1, 9),
(1, 10), (1, 11), (1, 12),(1, 13), (1, 14), (1, 15);

INSERT INTO weight_entry(date_of_entry, entry_weight)
VALUES("2022-03-30 00:00:00.000000", 55),
("2022-03-31 00:00:00.000000", 60),
("2022-04-01 00:00:00.000000", 59),
("2022-04-02 00:00:00.000000", 55),
("2022-04-03 00:00:00.000000", 59),
("2022-04-04 00:00:00.000000", 60),
("2022-04-05 00:00:00.000000", 59),
("2022-04-06 00:00:00.000000", 55),
("2022-04-07 00:00:00.000000", 59),
("2022-04-08 00:00:00.000000", 59),
("2022-04-09 00:00:00.000000", 60),
("2022-04-10 00:00:00.000000", 59),
("2022-04-11 00:00:00.000000", 55),
("2022-04-12 00:00:00.000000", 59),
("2022-04-13 00:00:00.000000", 59);
INSERT INTO customer_weight_entries(customer_id, weight_entries_entry_id)
VALUES(1, 1), (1, 2), (1, 3),
(1, 4), (1, 5), (1, 6), (1, 7), (1, 8), (1, 9),
            (1, 10), (1, 11), (1, 12),(1, 13), (1, 14), (1, 15);

INSERT INTO grip_strength_entry(date_of_entry, entry_grip_strength)
VALUES("2022-03-30 00:00:00.000000", 55),
("2022-03-31 00:00:00.000000", 41),
("2022-04-01 00:00:00.000000", 45),
("2022-04-02 00:00:00.000000", 43),
("2022-04-03 00:00:00.000000", 44),
("2022-04-04 00:00:00.000000", 47),
("2022-04-05 00:00:00.000000", 47),
("2022-04-06 00:00:00.000000", 48),
("2022-04-07 00:00:00.000000", 49),
("2022-04-08 00:00:00.000000", 46),
("2022-04-09 00:00:00.000000", 51),
("2022-04-10 00:00:00.000000", 53),
("2022-04-11 00:00:00.000000", 52),
("2022-04-12 00:00:00.000000", 52),
("2022-04-13 00:00:00.000000", 53);
INSERT INTO customer_grip_strength_entries(customer_id, grip_strength_entries_entry_id)
VALUES(1, 1), (1, 2), (1, 3),
(1, 4), (1, 5), (1, 6), (1, 7), (1, 8), (1, 9),
            (1, 10), (1, 11), (1, 12),(1, 13), (1, 14), (1, 15);

INSERT INTO respiration_rate_entry(date_of_entry, entry_respiration_rate)
VALUES("2022-03-30 00:00:00.000000", 15),
("2022-03-31 00:00:00.000000", 16),
("2022-04-01 00:00:00.000000", 14),
("2022-04-02 00:00:00.000000", 17),
("2022-04-03 00:00:00.000000", 16),
("2022-04-04 00:00:00.000000", 14),
("2022-04-05 00:00:00.000000", 15),
("2022-04-06 00:00:00.000000", 14),
("2022-04-07 00:00:00.000000", 13),
("2022-04-08 00:00:00.000000", 13),
("2022-04-09 00:00:00.000000", 13),
("2022-04-10 00:00:00.000000", 12),
("2022-04-11 00:00:00.000000", 14),
("2022-04-12 00:00:00.000000", 12),
("2022-04-13 00:00:00.000000", 12);
INSERT INTO customer_respiration_rate_entries(customer_id, respiration_rate_entries_entry_id)
VALUES(1, 1), (1, 2), (1, 3),
(1, 4), (1, 5), (1, 6), (1, 7), (1, 8), (1, 9),
            (1, 10), (1, 11), (1, 12),(1, 13), (1, 14), (1, 15);